Round Number,Date,Location,Home Team,Away Team,Result,notyetplayed,home_chance,draw_chance,away_chance,all_chance,home_odds,draw_odds,away_odds
1,12/9/2020 12:30,Craven Cottage,Fulham,Arsenal,0 - 3,,,,,0,,,
1,12/9/2020 15:00,Turf Moor,Burnley,Man Utd,,x,20,25,55,100,5,4,1.818181818
1,12/9/2020 15:00,Etihad Stadium,Man City,Aston Villa,,x,65,25,10,100,1.538461538,4,10
1,12/9/2020 15:00,Selhurst Park,Crystal Palace,Southampton,1 - 0,,,,,0,,,
1,12/9/2020 17:30,Anfield,Liverpool,Leeds,4 - 3,,,,,0,,,
1,12/9/2020 20:00,London Stadium,West Ham,Newcastle,0 - 2,,,,,0,,,
1,13/09/2020 14:00,The Hawthorns,West Brom,Leicester,0 - 3,,,,,0,,,
1,13/09/2020 16:30,Tottenham Hotspur Stadium,Spurs,Everton,0 - 1,,,,,0,,,
1,14/09/2020 18:00,Bramall Lane,Sheffield Utd,Wolves,0 - 2,,,,,0,,,
1,14/09/2020 20:15,Amex Stadium,Brighton,Chelsea,1 - 3,,,,,0,,,
2,19/09/2020 12:30,Goodison Park,Everton,West Brom,5 - 2,,,,,0,,,
2,19/09/2020 15:00,Elland Road,Leeds,Fulham,4 - 3,,,,,0,,,
2,19/09/2020 17:30,Old Trafford,Man Utd,Crystal Palace,1 - 3,,,,,0,,,
2,19/09/2020 20:00,Emirates Stadium,Arsenal,West Ham,2 - 1,,,,,0,,,
2,20/09/2020 12:00,St. Mary's Stadium,Southampton,Spurs,2 - 5,,,,,0,,,
2,20/09/2020 14:00,St. James' Park,Newcastle,Brighton,0 - 3,,,,,0,,,
2,20/09/2020 16:30,Stamford Bridge,Chelsea,Liverpool,0 - 2,,,,,0,,,
2,20/09/2020 19:00,King Power Stadium,Leicester,Burnley,4 - 2,,,,,0,,,
2,21/09/2020 18:00,Villa Park,Aston Villa,Sheffield Utd,1 - 0,,,,,0,,,
2,21/09/2020 20:15,Molineux Stadium,Wolves,Man City,1 - 3,,,,,0,,,
3,26/09/2020 12:30,Amex Stadium,Brighton,Man Utd,2 - 3,,,,,0,,,
3,26/09/2020 15:00,Selhurst Park,Crystal Palace,Everton,1 - 2,,,,,0,,,
3,26/09/2020 17:30,The Hawthorns,West Brom,Chelsea,3 - 3,,,,,0,,,
3,26/09/2020 20:00,Turf Moor,Burnley,Southampton,0 - 1,,,,,0,,,
3,27/09/2020 12:00,Bramall Lane,Sheffield Utd,Leeds,0 - 1,,,,,0,,,
3,27/09/2020 14:00,Tottenham Hotspur Stadium,Spurs,Newcastle,1 - 1,,,,,0,,,
3,27/09/2020 16:30,Etihad Stadium,Man City,Leicester,2 - 5,,,,,0,,,
3,27/09/2020 19:00,London Stadium,West Ham,Wolves,4 - 0,,,,,0,,,
3,28/09/2020 17:45,Craven Cottage,Fulham,Aston Villa,0 - 3,,,,,0,,,
3,28/09/2020 20:00,Anfield,Liverpool,Arsenal,3 - 1,,,,,0,,,
4,3/10/2020 12:30,Stamford Bridge,Chelsea,Crystal Palace,4 - 0,,,,,0,,,
4,3/10/2020 15:00,Goodison Park,Everton,Brighton,4 - 2,,,,,0,,,
4,3/10/2020 17:30,Elland Road,Leeds,Man City,1 - 1,,,,,0,,,
4,3/10/2020 20:00,St. James' Park,Newcastle,Burnley,3 - 1,,,,,0,,,
4,4/10/2020 12:00,King Power Stadium,Leicester,West Ham,0 - 3,,,,,0,,,
4,4/10/2020 12:00,St. Mary's Stadium,Southampton,West Brom,2 - 0,,,,,0,,,
4,4/10/2020 14:00,Emirates Stadium,Arsenal,Sheffield Utd,2 - 1,,,,,0,,,
4,4/10/2020 14:00,Molineux Stadium,Wolves,Fulham,1 - 0,,,,,0,,,
4,4/10/2020 16:30,Old Trafford,Man Utd,Spurs,1 - 6,,,,,0,,,
4,4/10/2020 19:15,Villa Park,Aston Villa,Liverpool,7 - 2,,,,,0,,,
5,17/10/2020 12:30,Goodison Park,Everton,Liverpool,2 - 2,,,,,0,,,
5,17/10/2020 15:00,Stamford Bridge,Chelsea,Southampton,3 - 3,,,,,0,,,
5,17/10/2020 17:30,Etihad Stadium,Man City,Arsenal,1 - 0,,,,,0,,,
5,17/10/2020 20:00,St. James' Park,Newcastle,Man Utd,1 - 4,,,,,0,,,
5,18/10/2020 12:00,Bramall Lane,Sheffield Utd,Fulham,1 - 1,,,,,0,,,
5,18/10/2020 14:00,Selhurst Park,Crystal Palace,Brighton,1 - 1,,,,,0,,,
5,18/10/2020 16:30,Tottenham Hotspur Stadium,Spurs,West Ham,3 - 3,,,,,0,,,
5,18/10/2020 19:15,King Power Stadium,Leicester,Aston Villa,0 - 1,,,,,0,,,
5,19/10/2020 17:30,The Hawthorns,West Brom,Burnley,0 - 0,,,,,0,,,
5,19/10/2020 20:00,Elland Road,Leeds,Wolves,0 - 1,,,,,0,,,
6,23/10/2020 20:00,Villa Park,Aston Villa,Leeds,0 - 3,,,,,0,,,
6,24/10/2020 12:30,London Stadium,West Ham,Man City,1 - 1,,,,,0,,,
6,24/10/2020 15:00,Craven Cottage,Fulham,Crystal Palace,1 - 2,,,,,0,,,
6,24/10/2020 17:30,Old Trafford,Man Utd,Chelsea,0 - 0,,,,,0,,,
6,24/10/2020 20:00,Anfield,Liverpool,Sheffield Utd,2 - 1,,,,,0,,,
6,25/10/2020 14:00,St. Mary's Stadium,Southampton,Everton,2 - 0,,,,,0,,,
6,25/10/2020 16:30,Molineux Stadium,Wolves,Newcastle,1 - 1,,,,,0,,,
6,25/10/2020 19:15,Emirates Stadium,Arsenal,Leicester,0 - 1,,,,,0,,,
6,26/10/2020 17:30,Amex Stadium,Brighton,West Brom,1 - 1,,,,,0,,,
6,26/10/2020 20:00,Turf Moor,Burnley,Spurs,0 - 1,,,,,0,,,
7,30/10/2020 20:00,Molineux Stadium,Wolves,Crystal Palace,2 - 0,,,,,0,,,
7,31/10/2020 12:30,Bramall Lane,Sheffield Utd,Man City,0 - 1,,,,,0,,,
7,31/10/2020 15:00,Turf Moor,Burnley,Chelsea,0 - 3,,,,,0,,,
7,31/10/2020 17:30,Anfield,Liverpool,West Ham,2 - 1,,,,,0,,,
7,1/11/2020 12:00,Villa Park,Aston Villa,Southampton,3 - 4,,,,,0,,,
7,1/11/2020 14:00,St. James' Park,Newcastle,Everton,2 - 1,,,,,0,,,
7,1/11/2020 16:30,Old Trafford,Man Utd,Arsenal,0 - 1,,,,,0,,,
7,1/11/2020 19:15,Tottenham Hotspur Stadium,Spurs,Brighton,2 - 1,,,,,0,,,
7,2/11/2020 17:30,Craven Cottage,Fulham,West Brom,2 - 0,,,,,0,,,
7,2/11/2020 20:00,Elland Road,Leeds,Leicester,1 - 4,,,,,0,,,
8,6/11/2020 17:30,Amex Stadium,Brighton,Burnley,0 - 0,,,,,0,,,
8,6/11/2020 20:00,St. Mary's Stadium,Southampton,Newcastle,2 - 0,,,,,0,,,
8,7/11/2020 12:30,Goodison Park,Everton,Man Utd,1 - 3,,,,,0,,,
8,7/11/2020 15:00,Selhurst Park,Crystal Palace,Leeds,4 - 1,,,,,0,,,
8,7/11/2020 17:30,Stamford Bridge,Chelsea,Sheffield Utd,4 - 1,,,,,0,,,
8,7/11/2020 20:00,London Stadium,West Ham,Fulham,1 - 0,,,,,0,,,
8,8/11/2020 12:00,The Hawthorns,West Brom,Spurs,0 - 1,,,,,0,,,
8,8/11/2020 14:00,King Power Stadium,Leicester,Wolves,1 - 0,,,,,0,,,
8,8/11/2020 16:30,Etihad Stadium,Man City,Liverpool,1 - 1,,,,,0,,,
8,8/11/2020 19:15,Emirates Stadium,Arsenal,Aston Villa,0 - 3,,,,,0,,,
9,21/11/2020 12:30,St. James' Park,Newcastle,Chelsea,0 - 2,,,,,0,,,
9,21/11/2020 15:00,Villa Park,Aston Villa,Brighton,1 - 2,,,,,0,,,
9,21/11/2020 17:30,Tottenham Hotspur Stadium,Spurs,Man City,2 - 0,,,,,0,,,
9,21/11/2020 20:00,Old Trafford,Man Utd,West Brom,1 - 0,,,,,0,,,
9,22/11/2020 12:00,Craven Cottage,Fulham,Everton,2 - 3,,,,,0,,,
9,22/11/2020 14:00,Bramall Lane,Sheffield Utd,West Ham,0 - 1,,,,,0,,,
9,22/11/2020 16:30,Elland Road,Leeds,Arsenal,0 - 0,,,,,0,,,
9,22/11/2020 19:15,Anfield,Liverpool,Leicester,3 - 0,,,,,0,,,
9,23/11/2020 17:30,Turf Moor,Burnley,Crystal Palace,1 - 0,,,,,0,,,
9,23/11/2020 20:00,Molineux Stadium,Wolves,Southampton,1 - 1,,,,,0,,,
10,27/11/2020 20:00,Selhurst Park,Crystal Palace,Newcastle,0 - 2,,,,,0,,,
10,28/11/2020 12:30,Amex Stadium,Brighton,Liverpool,1 - 1,,,,,0,,,
10,28/11/2020 15:00,Etihad Stadium,Man City,Burnley,5 - 0,,,,,0,,,
10,28/11/2020 17:30,Goodison Park,Everton,Leeds,0 - 1,,,,,0,,,
10,28/11/2020 20:00,The Hawthorns,West Brom,Sheffield Utd,1 - 0,,,,,0,,,
10,29/11/2020 14:00,St. Mary's Stadium,Southampton,Man Utd,2 - 3,,,,,0,,,
10,29/11/2020 16:30,Stamford Bridge,Chelsea,Spurs,0 - 0,,,,,0,,,
10,29/11/2020 19:15,Emirates Stadium,Arsenal,Wolves,1 - 2,,,,,0,,,
10,30/11/2020 17:30,King Power Stadium,Leicester,Fulham,1 - 2,,,,,0,,,
10,30/11/2020 20:00,London Stadium,West Ham,Aston Villa,2 - 1,,,,,0,,,
11,4/12/2020 20:00,Villa Park,Aston Villa,Newcastle,,x,53,29,18,100,1.886792453,3.448275862,5.555555556
11,5/12/2020 12:30,Turf Moor,Burnley,Everton,1 - 1,,,,,0,,,
11,5/12/2020 15:00,Etihad Stadium,Man City,Fulham,2 - 0,,,,,0,,,
11,5/12/2020 17:30,London Stadium,West Ham,Man Utd,1 - 3,,,,,0,,,
11,5/12/2020 20:00,Stamford Bridge,Chelsea,Leeds,3 - 1,,,,,0,,,
11,6/12/2020 12:00,The Hawthorns,West Brom,Crystal Palace,1 - 5,,,,,0,,,
11,6/12/2020 14:15,Bramall Lane,Sheffield Utd,Leicester,1 - 2,,,,,0,,,
11,6/12/2020 16:30,Tottenham Hotspur Stadium,Spurs,Arsenal,2 - 0,,,,,0,,,
11,6/12/2020 19:15,Anfield,Liverpool,Wolves,4 - 0,,,,,0,,,
11,7/12/2020 20:00,Amex Stadium,Brighton,Southampton,1 - 2,,,,,0,,,
12,11/12/2020 20:00,Elland Road,Leeds,West Ham,1 - 2,,,,,0,,,
12,12/12/2020 12:30,Molineux Stadium,Wolves,Aston Villa,0 - 1,,,,,0,,,
12,12/12/2020 15:00,St. James' Park,Newcastle,West Brom,2 - 1,,,,,0,,,
12,12/12/2020 17:30,Old Trafford,Man Utd,Man City,0 - 0,,,,,0,,,
12,12/12/2020 20:00,Goodison Park,Everton,Chelsea,1 - 0,,,,,0,,,
12,13/12/2020 12:00,St. Mary's Stadium,Southampton,Sheffield Utd,3 - 0,,,,,0,,,
12,13/12/2020 14:15,Selhurst Park,Crystal Palace,Spurs,1 - 1,,,,,0,,,
12,13/12/2020 16:30,Craven Cottage,Fulham,Liverpool,1 - 1,,,,,0,,,
12,13/12/2020 19:15,Emirates Stadium,Arsenal,Burnley,0 - 1,,,,,0,,,
12,13/12/2020 19:15,King Power Stadium,Leicester,Brighton,3 - 0,,,,,0,,,
13,15/12/2020 18:00,Molineux Stadium,Wolves,Chelsea,2 - 1,,,,,0,,,
13,15/12/2020 20:00,Etihad Stadium,Man City,West Brom,1 - 1,,,,,0,,,
13,16/12/2020 18:00,Emirates Stadium,Arsenal,Southampton,1 - 1,,,,,0,,,
13,16/12/2020 18:00,Elland Road,Leeds,Newcastle,5 - 2,,,,,0,,,
13,16/12/2020 18:00,King Power Stadium,Leicester,Everton,0 - 2,,,,,0,,,
13,16/12/2020 20:00,Craven Cottage,Fulham,Brighton,0 - 0,,,,,0,,,
13,16/12/2020 20:00,London Stadium,West Ham,Crystal Palace,1 - 1,,,,,0,,,
13,16/12/2020 20:00,Anfield,Liverpool,Spurs,2 - 1,,,,,0,,,
13,17/12/2020 18:00,Villa Park,Aston Villa,Burnley,0 - 0,,,,,0,,,
13,17/12/2020 20:00,Bramall Lane,Sheffield Utd,Man Utd,2 - 3,,,,,0,,,
14,19/12/2020 12:30,Selhurst Park,Crystal Palace,Liverpool,0 - 7,,,,,0,,,
14,19/12/2020 15:00,St. Mary's Stadium,Southampton,Man City,0 - 1,,,,,0,,,
14,19/12/2020 17:30,Goodison Park,Everton,Arsenal,2 - 1,,,,,0,,,
14,19/12/2020 20:00,St. James' Park,Newcastle,Fulham,1 - 1,,,,,0,,,
14,20/12/2020 12:00,Amex Stadium,Brighton,Sheffield Utd,1 - 1,,,,,0,,,
14,20/12/2020 14:15,Tottenham Hotspur Stadium,Spurs,Leicester,0 - 2,,,,,0,,,
14,20/12/2020 16:30,Old Trafford,Man Utd,Leeds,6 - 2,,,,,0,,,
14,20/12/2020 19:15,The Hawthorns,West Brom,Aston Villa,0 - 3,,,,,0,,,
14,21/12/2020 17:30,Turf Moor,Burnley,Wolves,2 - 1,,,,,0,,,
14,21/12/2020 20:00,Stamford Bridge,Chelsea,West Ham,3 - 0,,,,,0,,,
15,26/12/2020 12:30,King Power Stadium,Leicester,Man Utd,2 - 2,,,,,0,,,
15,26/12/2020 15:00,Villa Park,Aston Villa,Crystal Palace,3 - 0,,,,,0,,,
15,26/12/2020 15:00,Craven Cottage,Fulham,Southampton,0 - 0,,,,,0,,,
15,26/12/2020 17:30,Emirates Stadium,Arsenal,Chelsea,3 - 1,,,,,0,,,
15,26/12/2020 20:00,Etihad Stadium,Man City,Newcastle,2 - 0,,,,,0,,,
15,26/12/2020 20:00,Bramall Lane,Sheffield Utd,Everton,0 - 1,,,,,0,,,
15,27/12/2020 12:00,Elland Road,Leeds,Burnley,1-0,,,,,0,,,
15,27/12/2020 14:15,London Stadium,West Ham,Brighton,2-2,,,,,0,,,
15,27/12/2020 16:30,Anfield,Liverpool,West Brom,1-1,,,,,0,,,
15,27/12/2020 19:15,Molineux Stadium,Wolves,Spurs,1-1,,,,,0,,,
16,28/12/2020 15:00,Selhurst Park,Crystal Palace,Leicester,1-1,,,,,0,,,
16,28/12/2020 17:30,Stamford Bridge,Chelsea,Aston Villa,1-1,,,,,0,,,
16,28/12/2020 20:00,Goodison Park,Everton,Man City,,x,18,22,60,100,5.555555556,4.545454545,1.666666667
16,29/12/2020 18:00,Amex Stadium,Brighton,Arsenal,0-1,,,,,0,,,
16,29/12/2020 18:00,Turf Moor,Burnley,Sheffield Utd,1-0,,,,,0,,,
16,29/12/2020 18:00,St. Mary's Stadium,Southampton,West Ham,0-0,,,,,0,,,
16,29/12/2020 18:00,The Hawthorns,West Brom,Leeds,0-5,,,,,0,,,
16,29/12/2020 20:00,Old Trafford,Man Utd,Wolves,1-0,,,,,0,,,
16,30/12/2020 18:00,Tottenham Hotspur Stadium,Spurs,Fulham,,x,60,25,15,100,1.666666667,4,6.666666667
16,30/12/2020 20:00,St. James' Park,Newcastle,Liverpool,0-0,,,,,,,,
17,1/1/2021 17:30,Goodison Park,Everton,West Ham,0-1,,,,,,,,
17,1/1/2021 20:00,Old Trafford,Man Utd,Aston Villa,2-1,,,,,,,,
17,2/1/2021 12:30,Tottenham Hotspur Stadium,Spurs,Leeds,3-0,,,,,,,,
17,2/1/2021 15:00,Selhurst Park,Crystal Palace,Sheffield Utd,2-0,,,,,,,,
17,2/1/2021 17:30,Amex Stadium,Brighton,Wolves,3-3,,,,,,,,
17,2/1/2021 20:00,The Hawthorns,West Brom,Arsenal,0-4,,,,,,,,
17,3/1/2021 12:00,Turf Moor,Burnley,Fulham,,x,40,30,30,100,2.5,3.333333333,3.333333333
17,3/1/2021 14:15,St. James' Park,Newcastle,Leicester,0-2,,,,,,,,
17,3/1/2021 16:30,Stamford Bridge,Chelsea,Man City,1-3,,,,,,,,
17,4/1/2021 20:00,St. Mary's Stadium,Southampton,Liverpool,,x,16,21,63,100,,,
18,12/1/2021 18:00,Bramall Lane,Sheffield Utd,Newcastle,,x,20,35,45,100,5,2.857142857,2.222222222
18,12/1/2021 20:15,Molineux Stadium,Wolves,Everton,,x,20,30,50,100,,,
18,13/01/2021 18:00,Etihad Stadium,Man City,Brighton,,x,80,12,8,100,1.25,8.333333333,12.5
18,13/01/2021 20:15,Villa Park,Aston Villa,Spurs,,x,25,27,48,100,4,3.703703704,2.083333333
18,14/01/2021 20:00,Emirates Stadium,Arsenal,Crystal Palace,,x,51,28,21,100,1.960784314,3.571428571,4.761904762
19,15/01/2021 20:00,Craven Cottage,Fulham,Chelsea,,x,15,26,59,100,6.666666667,3.846153846,1.694915254
19,16/01/2021 12:30,Molineux Stadium,Wolves,West Brom,,x,42,30,28,100,2.380952381,3.333333333,3.571428571
19,16/01/2021 15:00,Elland Road,Leeds,Brighton,,x,50,30,20,100,2,3.333333333,5
19,16/01/2021 15:00,London Stadium,West Ham,Burnley,,x,45,30,25,100,2.222222222,3.333333333,4
19,16/01/2021 17:30,Villa Park,Aston Villa,Everton,,x,35,30,35,100,,,
19,16/01/2021 20:00,King Power Stadium,Leicester,Southampton,,x,55,23,22,100,1.818181818,4.347826087,4.545454545
19,17/01/2021 14:00,Bramall Lane,Sheffield Utd,Spurs,,x,15,25,60,100,6.666666667,4,1.666666667
19,17/01/2021 16:30,Anfield,Liverpool,Man Utd,,x,46,27,27,100,,,
19,17/01/2021 19:15,Etihad Stadium,Man City,Crystal Palace,,x,65,20,15,100,1.538461538,5,6.666666667
19,18/01/2021 20:00,Emirates Stadium,Arsenal,Newcastle,,x,50,25,25,100,2,4,4
19,19/01/2021 18:00,London Stadium,West Ham,West Brom,,x,40,35,25,100,2.5,2.857142857,4
19,19/01/2021 20:15,King Power Stadium,Leicester,Chelsea,,x,40,28,32,100,2.5,3.571428571,3.125
19,20/01/2021 18:00,Elland Road,Leeds,Southampton,,x,47,25,28,100,2.127659574,4,3.571428571
19,20/01/2021 20:15,Craven Cottage,Fulham,Man Utd,,x,20,25,55,100,5,4,1.818181818
19,21/01/2021 20:00,Anfield,Liverpool,Burnley,,x,66,21,13,100,,,
20,26/01/2021 18:00,Amex Stadium,Brighton,Fulham,,x,38,30,32,100,2.631578947,3.333333333,3.125
20,26/01/2021 18:00,St. James' Park,Newcastle,Leeds,,x,35,28,37,100,2.857142857,3.571428571,2.702702703
20,26/01/2021 20:15,The Hawthorns,West Brom,Man City,,x,13,21,66,100,7.692307692,4.761904762,1.515151515
20,26/01/2021 20:15,St. Mary's Stadium,Southampton,Arsenal,,x,28,25,47,100,3.571428571,4,2.127659574
20,27/01/2021 18:00,Turf Moor,Burnley,Aston Villa,,x,28,30,42,100,3.571428571,3.333333333,2.380952381
20,27/01/2021 18:00,Stamford Bridge,Chelsea,Wolves,,x,58,25,17,100,1.724137931,4,5.882352941
20,27/01/2021 19:30,Selhurst Park,Crystal Palace,West Ham,,x,35,35,30,100,2.857142857,2.857142857,3.333333333
20,27/01/2021 20:15,Goodison Park,Everton,Leicester,,x,35,30,35,100,2.702702703,3.333333333,3.03030303
20,27/01/2021 20:15,Old Trafford,Man Utd,Sheffield Utd,,x,71,17,12,100,,,
20,28/01/2021 20:00,Tottenham Hotspur Stadium,Spurs,Liverpool,,x,30,33,37,100,,,
21,30/01/2021 12:30,Goodison Park,Everton,Newcastle,,x,51,26,23,100,1.960784314,3.846153846,4.347826087
21,30/01/2021 15:00,Stamford Bridge,Chelsea,Burnley,,x,58,25,17,100,1.724137931,4,5.882352941
21,30/01/2021 15:00,Selhurst Park,Crystal Palace,Wolves,,x,42,30,28,100,2.380952381,3.333333333,3.571428571
21,30/01/2021 15:00,Etihad Stadium,Man City,Sheffield Utd,,x,83,9,8,100,1.204819277,11.11111111,12.5
21,30/01/2021 15:00,The Hawthorns,West Brom,Fulham,,x,42,30,28,100,2.380952381,3.333333333,3.571428571
21,30/01/2021 17:30,Emirates Stadium,Arsenal,Man Utd,,x,33,30,37,100,3.03030303,3.333333333,2.702702703
21,30/01/2021 20:00,St. Mary's Stadium,Southampton,Aston Villa,,x,30,30,40,100,3.333333333,3.333333333,2.5
21,31/01/2021 14:00,Amex Stadium,Brighton,Spurs,,x,21,25,54,100,4.761904762,4,1.851851852
21,31/01/2021 14:00,King Power Stadium,Leicester,Leeds,,x,56,25,19,100,1.785714286,4,5.263157895
21,31/01/2021 16:30,London Stadium,West Ham,Liverpool,,x,17,25,58,100,,,
22,2/2/2021 19:45,Villa Park,Aston Villa,West Ham,,x,50,27,23,100,2,3.703703704,4.347826087
22,2/2/2021 19:45,Turf Moor,Burnley,Man City,,x,12,17,71,100,8.333333333,5.882352941,1.408450704
22,2/2/2021 19:45,Craven Cottage,Fulham,Leicester,,x,15,25,60,100,6.666666667,4,1.666666667
22,2/2/2021 19:45,Elland Road,Leeds,Everton,,x,22,28,50,100,,,
22,2/2/2021 19:45,Bramall Lane,Sheffield Utd,West Brom,,x,30,30,40,100,3.333333333,3.333333333,2.5
22,2/2/2021 19:45,Molineux Stadium,Wolves,Arsenal,,x,27,28,45,100,3.703703704,3.571428571,2.222222222
22,2/2/2021 20:00,Old Trafford,Man Utd,Southampton,,x,55,25,20,100,,,
22,2/2/2021 20:00,St. James' Park,Newcastle,Crystal Palace,,x,35,30,35,100,2.857142857,3.333333333,2.857142857
22,3/2/2021 19:45,Tottenham Hotspur Stadium,Spurs,Chelsea,,x,36,35,29,100,2.777777778,2.857142857,3.448275862
22,3/2/2021 20:00,Anfield,Liverpool,Brighton,,x,72,16,12,100,,,
23,6/2/2021 15:00,Villa Park,Aston Villa,Arsenal,,x,32,30,38,100,3.125,3.333333333,2.631578947
23,6/2/2021 15:00,Turf Moor,Burnley,Brighton,,x,35,30,35,100,2.857142857,3.333333333,2.857142857
23,6/2/2021 15:00,Craven Cottage,Fulham,West Ham,,x,26,36,38,100,3.846153846,2.777777778,2.631578947
23,6/2/2021 15:00,Elland Road,Leeds,Crystal Palace,,x,45,25,30,100,2.222222222,4,3.333333333
23,6/2/2021 15:00,Anfield,Liverpool,Man City,,x,36,30,34,100,,,
23,6/2/2021 15:00,Old Trafford,Man Utd,Everton,,x,41,30,29,100,,,
23,6/2/2021 15:00,St. James' Park,Newcastle,Southampton,,x,34,30,36,100,2.941176471,3.333333333,2.777777778
23,6/2/2021 15:00,Bramall Lane,Sheffield Utd,Chelsea,,x,13,20,67,100,7.692307692,5,1.492537313
23,6/2/2021 15:00,Tottenham Hotspur Stadium,Spurs,West Brom,,x,63,22,15,100,1.587301587,4.545454545,6.666666667
23,6/2/2021 15:00,Molineux Stadium,Wolves,Leicester,,x,19,23,58,100,5.263157895,4.347826087,1.724137931
24,13/02/2021 15:00,Emirates Stadium,Arsenal,Leeds,,x,50,25,25,100,2,4,4
24,13/02/2021 15:00,Amex Stadium,Brighton,Aston Villa,,x,25,30,45,100,4,3.333333333,2.222222222
24,13/02/2021 15:00,Stamford Bridge,Chelsea,Newcastle,,x,57,25,18,100,1.754385965,4,5.555555556
24,13/02/2021 15:00,Selhurst Park,Crystal Palace,Burnley,,x,55,25,20,100,1.818181818,4,5
24,13/02/2021 15:00,Goodison Park,Everton,Fulham,,x,60,22,18,100,1.612903226,5,5.555555556
24,13/02/2021 15:00,King Power Stadium,Leicester,Liverpool,,x,28,22,50,100,,,
24,13/02/2021 15:00,Etihad Stadium,Man City,Spurs,,x,48,32,20,100,2.083333333,3.125,5
24,13/02/2021 15:00,St. Mary's Stadium,Southampton,Wolves,,x,45,30,25,100,2.222222222,3.333333333,4
24,13/02/2021 15:00,The Hawthorns,West Brom,Man Utd,,x,20,24,56,100,5,4.166666667,1.785714286
24,13/02/2021 15:00,London Stadium,West Ham,Sheffield Utd,,x,58,23,19,100,1.724137931,4.347826087,5.263157895
25,20/02/2021 15:00,Emirates Stadium,Arsenal,Man City,,x,17,25,58,100,5.882352941,4,1.724137931
25,20/02/2021 15:00,Villa Park,Aston Villa,Leicester,,x,25,23,52,100,4,4.347826087,1.923076923
25,20/02/2021 15:00,Amex Stadium,Brighton,Crystal Palace,,x,35,30,35,100,2.857142857,3.333333333,2.857142857
25,20/02/2021 15:00,Turf Moor,Burnley,West Brom,,x,40,30,30,100,2.5,3.333333333,3.333333333
25,20/02/2021 15:00,Craven Cottage,Fulham,Sheffield Utd,,x,40,30,30,100,2.5,3.333333333,3.333333333
25,20/02/2021 15:00,Anfield,Liverpool,Everton,,x,53,28,19,100,,,
25,20/02/2021 15:00,Old Trafford,Man Utd,Newcastle,,x,60,25,15,100,,,
25,20/02/2021 15:00,St. Mary's Stadium,Southampton,Chelsea,,x,18,28,54,100,5.555555556,3.571428571,1.851851852
25,20/02/2021 15:00,London Stadium,West Ham,Spurs,,x,27,29,44,100,3.703703704,3.448275862,2.272727273
25,20/02/2021 15:00,Molineux Stadium,Wolves,Leeds,,x,35,30,35,100,2.857142857,3.333333333,2.857142857
26,27/02/2021 15:00,Stamford Bridge,Chelsea,Man Utd,,x,35,30,35,100,2.857142857,3.333333333,2.857142857
26,27/02/2021 15:00,Selhurst Park,Crystal Palace,Fulham,,x,40,35,25,100,2.5,2.857142857,4
26,27/02/2021 15:00,Goodison Park,Everton,Southampton,,x,50,30,20,100,2,3.333333333,5
26,27/02/2021 15:00,Elland Road,Leeds,Aston Villa,,x,30,35,35,100,3.333333333,2.857142857,2.857142857
26,27/02/2021 15:00,King Power Stadium,Leicester,Arsenal,,x,48,27,25,100,2.083333333,3.703703704,4
26,27/02/2021 15:00,Etihad Stadium,Man City,West Ham,,x,71,19,10,100,1.408450704,5.263157895,10
26,27/02/2021 15:00,St. James' Park,Newcastle,Wolves,,x,35,30,35,100,2.857142857,3.333333333,2.857142857
26,27/02/2021 15:00,Bramall Lane,Sheffield Utd,Liverpool,,x,10,17,73,100,,,
26,27/02/2021 15:00,Tottenham Hotspur Stadium,Spurs,Burnley,,x,65,20,15,100,1.538461538,5,6.666666667
26,27/02/2021 15:00,The Hawthorns,West Brom,Brighton,,x,37,33,30,100,2.702702703,3.03030303,3.333333333
27,6/3/2021 15:00,Villa Park,Aston Villa,Wolves,,x,45,30,25,100,2.222222222,3.333333333,4
27,6/3/2021 15:00,Amex Stadium,Brighton,Leicester,,x,20,25,55,100,5,4,1.818181818
27,6/3/2021 15:00,Turf Moor,Burnley,Arsenal,,x,20,25,55,100,5,4,1.818181818
27,6/3/2021 15:00,Stamford Bridge,Chelsea,Everton,,x,38,30,32,100,,,
27,6/3/2021 15:00,Anfield,Liverpool,Fulham,,x,73,15,12,100,,,
27,6/3/2021 15:00,Etihad Stadium,Man City,Man Utd,,x,53,23,24,100,1.886792453,4.347826087,4.166666667
27,6/3/2021 15:00,Bramall Lane,Sheffield Utd,Southampton,,x,20,25,55,100,5,4,1.818181818
27,6/3/2021 15:00,Tottenham Hotspur Stadium,Spurs,Crystal Palace,,x,55,28,17,100,1.818181818,3.571428571,5.882352941
27,6/3/2021 15:00,The Hawthorns,West Brom,Newcastle,,x,36,30,34,100,2.777777778,3.333333333,2.941176471
27,6/3/2021 15:00,London Stadium,West Ham,Leeds,,x,35,30,35,100,2.857142857,3.333333333,2.857142857
28,13/03/2021 15:00,Emirates Stadium,Arsenal,Spurs,,x,35,33,32,100,2.857142857,3.03030303,3.125
28,13/03/2021 15:00,Selhurst Park,Crystal Palace,West Brom,,x,42,30,28,100,2.380952381,3.333333333,3.571428571
28,13/03/2021 15:00,Goodison Park,Everton,Burnley,,x,55,25,20,100,1.724137931,4.545454545,5
28,13/03/2021 15:00,Craven Cottage,Fulham,Man City,,x,13,15,72,100,7.692307692,6.666666667,1.388888889
28,13/03/2021 15:00,Elland Road,Leeds,Chelsea,,x,25,25,50,100,4,4,2
28,13/03/2021 15:00,King Power Stadium,Leicester,Sheffield Utd,,x,72,15,13,100,1.388888889,6.666666667,7.692307692
28,13/03/2021 15:00,Old Trafford,Man Utd,West Ham,,x,64,21,15,100,,,
28,13/03/2021 15:00,St. James' Park,Newcastle,Aston Villa,,x,23,29,48,100,4.347826087,3.448275862,2.083333333
28,13/03/2021 15:00,St. Mary's Stadium,Southampton,Brighton,,x,35,30,35,100,2.857142857,3.333333333,2.857142857
28,13/03/2021 15:00,Molineux Stadium,Wolves,Liverpool,,x,12,20,68,100,,,
29,20/03/2021 15:00,Amex Stadium,Brighton,Newcastle,,x,37,30,33,100,2.702702703,3.333333333,3.03030303
29,20/03/2021 15:00,Turf Moor,Burnley,Leicester,,x,18,20,62,100,5.555555556,5,1.612903226
29,20/03/2021 15:00,Selhurst Park,Crystal Palace,Man Utd,,x,24,23,53,100,4.166666667,4.347826087,1.886792453
29,20/03/2021 15:00,Craven Cottage,Fulham,Leeds,,x,27,30,43,100,3.703703704,3.333333333,2.325581395
29,20/03/2021 15:00,Anfield,Liverpool,Chelsea,,x,50,27,23,100,,,
29,20/03/2021 15:00,Etihad Stadium,Man City,Wolves,,x,72,17,11,100,1.388888889,5.882352941,9.090909091
29,20/03/2021 15:00,Bramall Lane,Sheffield Utd,Aston Villa,,x,20,25,55,100,5,4,1.818181818
29,20/03/2021 15:00,Tottenham Hotspur Stadium,Spurs,Southampton,,x,64,20,16,100,1.5625,5,6.25
29,20/03/2021 15:00,The Hawthorns,West Brom,Everton,,x,20,22,58,100,,,
29,20/03/2021 15:00,London Stadium,West Ham,Arsenal,,x,25,30,45,100,4,3.333333333,2.222222222
30,3/4/2021 15:00,Emirates Stadium,Arsenal,Liverpool,,x,15,30,55,100,,,
30,3/4/2021 15:00,Villa Park,Aston Villa,Fulham,,x,45,30,25,100,2.222222222,3.333333333,4
30,3/4/2021 15:00,Stamford Bridge,Chelsea,West Brom,,x,68,17,15,100,1.470588235,5.882352941,6.666666667
30,3/4/2021 15:00,Goodison Park,Everton,Crystal Palace,,x,60,24,16,100,1.5625,5,6.25
30,3/4/2021 15:00,Elland Road,Leeds,Sheffield Utd,,x,55,25,20,100,1.818181818,4,5
30,3/4/2021 15:00,King Power Stadium,Leicester,Man City,,x,22,27,51,100,4.545454545,3.703703704,1.960784314
30,3/4/2021 15:00,Old Trafford,Man Utd,Brighton,,x,64,21,15,100,,,
30,3/4/2021 15:00,St. James' Park,Newcastle,Spurs,,x,20,30,50,100,5,3.333333333,2
30,3/4/2021 15:00,St. Mary's Stadium,Southampton,Burnley,,x,40,30,30,100,2.5,3.333333333,3.333333333
30,3/4/2021 15:00,Molineux Stadium,Wolves,West Ham,,x,35,30,35,100,2.857142857,3.333333333,2.857142857
31,10/4/2021 15:00,Amex Stadium,Brighton,Everton,,x,20,25,55,100,,,
31,10/4/2021 15:00,Turf Moor,Burnley,Newcastle,,x,36,30,34,100,2.777777778,3.333333333,2.941176471
31,10/4/2021 15:00,Selhurst Park,Crystal Palace,Chelsea,,x,23,25,52,100,4.347826087,4,1.923076923
31,10/4/2021 15:00,Craven Cottage,Fulham,Wolves,,x,33,33,34,100,3.03030303,3.03030303,2.941176471
31,10/4/2021 15:00,Anfield,Liverpool,Aston Villa,,x,64,19,17,100,,,
31,10/4/2021 15:00,Etihad Stadium,Man City,Leeds,,x,72,15,13,100,1.388888889,6.666666667,7.692307692
31,10/4/2021 15:00,Bramall Lane,Sheffield Utd,Arsenal,,x,15,26,59,100,6.666666667,3.846153846,1.694915254
31,10/4/2021 15:00,Tottenham Hotspur Stadium,Spurs,Man Utd,,x,43,26,31,100,2.325581395,3.846153846,3.225806452
31,10/4/2021 15:00,The Hawthorns,West Brom,Southampton,,x,26,26,48,100,3.846153846,3.846153846,2.083333333
31,10/4/2021 15:00,London Stadium,West Ham,Leicester,,x,25,25,50,100,4,4,2
32,17/04/2021 15:00,Emirates Stadium,Arsenal,Fulham,,x,55,30,15,100,1.818181818,3.333333333,6.666666667
32,17/04/2021 15:00,Villa Park,Aston Villa,Man City,,x,20,25,55,100,5,4,1.818181818
32,17/04/2021 15:00,Stamford Bridge,Chelsea,Brighton,,x,68,17,15,100,1.470588235,5.882352941,6.666666667
32,17/04/2021 15:00,Goodison Park,Everton,Spurs,,x,35,30,35,100,2.857142857,3.333333333,2.857142857
32,17/04/2021 15:00,Elland Road,Leeds,Liverpool,,x,13,20,67,100,,,
32,17/04/2021 15:00,King Power Stadium,Leicester,West Brom,,x,68,17,15,100,1.470588235,5.882352941,6.666666667
32,17/04/2021 15:00,Old Trafford,Man Utd,Burnley,,x,64,21,15,100,,,
32,17/04/2021 15:00,St. James' Park,Newcastle,West Ham,,x,38,30,32,100,2.631578947,3.333333333,3.125
32,17/04/2021 15:00,St. Mary's Stadium,Southampton,Crystal Palace,,x,36,30,34,100,2.777777778,3.333333333,2.941176471
32,17/04/2021 15:00,Molineux Stadium,Wolves,Sheffield Utd,,x,60,20,20,100,1.666666667,5,5
33,24/04/2021 15:00,Emirates Stadium,Arsenal,Everton,,x,35,30,35,100,,,
33,24/04/2021 15:00,Villa Park,Aston Villa,West Brom,,x,53,27,20,100,1.886792453,3.703703704,5
33,24/04/2021 15:00,Craven Cottage,Fulham,Spurs,,x,20,25,55,100,5,4,1.818181818
33,24/04/2021 15:00,Elland Road,Leeds,Man Utd,,x,25,23,52,100,4,4.347826087,1.923076923
33,24/04/2021 15:00,King Power Stadium,Leicester,Crystal Palace,,x,64,20,16,100,1.5625,5,6.25
33,24/04/2021 15:00,Anfield,Liverpool,Newcastle,,x,70,17,13,100,,,
33,24/04/2021 15:00,Etihad Stadium,Man City,Southampton,,x,72,15,13,100,1.388888889,6.666666667,7.692307692
33,24/04/2021 15:00,Bramall Lane,Sheffield Utd,Brighton,,x,34,30,36,100,2.941176471,3.333333333,2.777777778
33,24/04/2021 15:00,London Stadium,West Ham,Chelsea,,x,23,25,52,100,4.347826087,4,1.923076923
33,24/04/2021 15:00,Molineux Stadium,Wolves,Burnley,,x,32,30,38,100,3.125,3.333333333,2.631578947
34,1/5/2021 15:00,Amex Stadium,Brighton,Leeds,,x,30,32,38,100,3.333333333,3.125,2.631578947
34,1/5/2021 15:00,Turf Moor,Burnley,West Ham,,x,36,30,34,100,2.777777778,3.333333333,2.941176471
34,1/5/2021 15:00,Stamford Bridge,Chelsea,Fulham,,x,68,17,15,100,1.470588235,5.882352941,6.666666667
34,1/5/2021 15:00,Selhurst Park,Crystal Palace,Man City,,x,11,18,71,100,9.090909091,5.555555556,1.408450704
34,1/5/2021 15:00,Goodison Park,Everton,Aston Villa,,x,55,24,21,100,1.666666667,5,5
34,1/5/2021 15:00,Old Trafford,Man Utd,Liverpool,,x,30,29,41,100,,,
34,1/5/2021 15:00,St. James' Park,Newcastle,Arsenal,,x,22,26,52,100,4.545454545,3.846153846,1.923076923
34,1/5/2021 15:00,St. Mary's Stadium,Southampton,Leicester,,x,24,25,51,100,4.166666667,4,1.960784314
34,1/5/2021 15:00,Tottenham Hotspur Stadium,Spurs,Sheffield Utd,,x,72,15,13,100,1.388888889,6.666666667,7.692307692
34,1/5/2021 15:00,The Hawthorns,West Brom,Wolves,,x,36,30,34,100,2.777777778,3.333333333,2.941176471
35,8/5/2021 15:00,Emirates Stadium,Arsenal,West Brom,,x,56,25,19,100,1.785714286,4,5.263157895
35,8/5/2021 15:00,Villa Park,Aston Villa,Man Utd,,x,31,30,39,100,3.225806452,3.333333333,2.564102564
35,8/5/2021 15:00,Craven Cottage,Fulham,Burnley,,x,31,33,36,100,3.225806452,3.03030303,2.777777778
35,8/5/2021 15:00,Elland Road,Leeds,Spurs,,x,20,25,55,100,5,4,1.818181818
35,8/5/2021 15:00,King Power Stadium,Leicester,Newcastle,,x,70,16,14,100,1.428571429,6.25,7.142857143
35,8/5/2021 15:00,Anfield,Liverpool,Southampton,,x,70,17,13,100,,,
35,8/5/2021 15:00,Etihad Stadium,Man City,Chelsea,,x,50,27,23,100,2,3.703703704,4.347826087
35,8/5/2021 15:00,Bramall Lane,Sheffield Utd,Crystal Palace,,x,25,30,45,100,4,3.333333333,2.222222222
35,8/5/2021 15:00,London Stadium,West Ham,Everton,,x,23,27,50,100,,,
35,8/5/2021 15:00,Molineux Stadium,Wolves,Brighton,,x,40,30,30,100,2.5,3.333333333,3.333333333
36,11/5/2021 19:45,Amex Stadium,Brighton,West Ham,,x,30,32,38,100,3.333333333,3.125,2.631578947
36,11/5/2021 19:45,Turf Moor,Burnley,Leeds,,x,23,30,47,100,4.347826087,3.333333333,2.127659574
36,11/5/2021 19:45,Goodison Park,Everton,Sheffield Utd,,x,70,17,13,100,1.388888889,6.666666667,7.692307692
36,11/5/2021 20:00,Old Trafford,Man Utd,Leicester,,x,35,30,35,100,,,
36,11/5/2021 20:00,The Hawthorns,West Brom,Liverpool,,x,12,15,73,100,,,
36,11/5/2021 20:00,Selhurst Park,Crystal Palace,Aston Villa,,x,25,31,44,100,4,3.225806452,2.272727273
36,12/5/2021 19:45,Stamford Bridge,Chelsea,Arsenal,,x,39,35,26,100,2.564102564,2.857142857,3.846153846
36,12/5/2021 19:45,St. James' Park,Newcastle,Man City,,x,11,18,71,100,9.090909091,5.555555556,1.408450704
36,12/5/2021 19:45,St. Mary's Stadium,Southampton,Fulham,,x,48,27,25,100,2.083333333,3.703703704,4
36,12/5/2021 19:45,Tottenham Hotspur Stadium,Spurs,Wolves,,x,64,20,16,100,1.5625,5,6.25
37,15/05/2021 15:00,Amex Stadium,Brighton,Man City,,x,10,20,70,100,10,5,1.428571429
37,15/05/2021 15:00,Turf Moor,Burnley,Liverpool,,x,12,15,73,100,,,
37,15/05/2021 15:00,Stamford Bridge,Chelsea,Leicester,,x,36,30,34,100,2.777777778,3.333333333,2.941176471
37,15/05/2021 15:00,Selhurst Park,Crystal Palace,Arsenal,,x,21,32,47,100,4.761904762,3.125,2.127659574
37,15/05/2021 15:00,Goodison Park,Everton,Wolves,,x,63,22,15,100,1.538461538,5,6.666666667
37,15/05/2021 15:00,Old Trafford,Man Utd,Fulham,,x,65,20,15,100,,,
37,15/05/2021 15:00,St. James' Park,Newcastle,Sheffield Utd,,x,55,25,20,100,1.818181818,4,5
37,15/05/2021 15:00,St. Mary's Stadium,Southampton,Leeds,,x,41,30,29,100,2.43902439,3.333333333,3.448275862
37,15/05/2021 15:00,Tottenham Hotspur Stadium,Spurs,Aston Villa,,x,50,28,22,100,2,3.571428571,4.545454545
37,15/05/2021 15:00,The Hawthorns,West Brom,West Ham,,x,28,33,39,100,3.571428571,3.03030303,2.564102564
38,23/05/2021 16:00,Emirates Stadium,Arsenal,Brighton,,x,55,25,20,100,1.818181818,4,5
38,23/05/2021 16:00,Villa Park,Aston Villa,Chelsea,,x,30,30,40,100,3.333333333,3.333333333,2.5
38,23/05/2021 16:00,Craven Cottage,Fulham,Newcastle,,x,31,33,36,100,3.225806452,3.03030303,2.777777778
38,23/05/2021 16:00,Elland Road,Leeds,West Brom,,x,42,30,28,100,2.380952381,3.333333333,3.571428571
38,23/05/2021 16:00,King Power Stadium,Leicester,Spurs,,x,37,30,33,100,2.702702703,3.333333333,3.03030303
38,23/05/2021 16:00,Anfield,Liverpool,Crystal Palace,,x,69,17,14,100,,,
38,23/05/2021 16:00,Etihad Stadium,Man City,Everton,,x,55,25,20,100,,,
38,23/05/2021 16:00,Bramall Lane,Sheffield Utd,Burnley,,x,35,30,35,100,2.857142857,3.333333333,2.857142857
38,23/05/2021 16:00,London Stadium,West Ham,Southampton,,x,35,30,35,100,2.857142857,3.333333333,2.857142857
38,23/05/2021 16:00,Molineux Stadium,Wolves,Man Utd,,x,20,25,55,100,5,4,1.818181818
